category,segment,links
Consorcios,Bancos e financeiras,https://www.reclameaqui.com.br/empresa/bamaq-consorcio/
Consorcios,Bancos e financeiras,https://www.reclameaqui.com.br/empresa/klubi/
Consorcios,Bancos e financeiras,https://www.reclameaqui.com.br/empresa/consorcio-yamaha-motor/
Consorcios,Bancos e financeiras,https://www.reclameaqui.com.br/empresa/consorcio-luiza/
Consorcios,Bancos e financeiras,https://www.reclameaqui.com.br/empresa/ancora-consorcios/
Consorcios,Bancos e financeiras,https://www.reclameaqui.com.br/empresa/sicredi/
Consorcios,Bancos e financeiras,https://www.reclameaqui.com.br/empresa/consorcio-nacional-volkswagen/
Consorcios,Bancos e financeiras,https://www.reclameaqui.com.br/empresa/consorcio-chevrolet/
Consorcios,Bancos e financeiras,https://www.reclameaqui.com.br/empresa/consorcio-bradesco/
Consorcios,Bancos e financeiras,https://www.reclameaqui.com.br/empresa/vb-consorcios/
Consorcios,Bancos e financeiras,https://www.reclameaqui.com.br/empresa/bamaq-consorcio/
Consorcios,Bancos e financeiras,https://www.reclameaqui.com.br/empresa/klubi/
Consorcios,Bancos e financeiras,https://www.reclameaqui.com.br/empresa/consorcio-yamaha-motor/
Consorcios,Bancos e financeiras,https://www.reclameaqui.com.br/empresa/consorcio-luiza/
Consorcios,Bancos e financeiras,https://www.reclameaqui.com.br/empresa/ancora-consorcios/
Consorcios,Bancos e financeiras,https://www.reclameaqui.com.br/empresa/sicredi/
Consorcios,Bancos e financeiras,https://www.reclameaqui.com.br/empresa/consorcio-nacional-volkswagen/
Consorcios,Bancos e financeiras,https://www.reclameaqui.com.br/empresa/consorcio-chevrolet/
Consorcios,Bancos e financeiras,https://www.reclameaqui.com.br/empresa/consorcio-bradesco/
Consorcios,Bancos e financeiras,https://www.reclameaqui.com.br/empresa/vb-consorcios/
Consorcios,Bancos e financeiras,https://www.reclameaqui.com.br/empresa/consorcio-nacional-ford/
Consorcios,Bancos e financeiras,https://www.reclameaqui.com.br/empresa/consorcio-fiat-e-itau/
Consorcios,Bancos e financeiras,https://www.reclameaqui.com.br/empresa/mycon/
Consorcios,Bancos e financeiras,https://www.reclameaqui.com.br/empresa/rodobens-consorcio/
Consorcios,Bancos e financeiras,https://www.reclameaqui.com.br/empresa/banco-gmac/
Consorcios,Bancos e financeiras,https://www.reclameaqui.com.br/empresa/colchoes-gazin/
Consorcios,Bancos e financeiras,https://www.reclameaqui.com.br/empresa/sisbracon-consorcio/
Consorcios,Bancos e financeiras,https://www.reclameaqui.com.br/empresa/unifisa/
Consorcios,Bancos e financeiras,https://www.reclameaqui.com.br/empresa/consorcio-honda/
Consorcios,Bancos e financeiras,https://www.reclameaqui.com.br/empresa/bazar-do-consorcio-tecnologia/
Consorcios,Bancos e financeiras,https://www.reclameaqui.com.br/empresa/primo-rossi-administradora-de-consorcio/
Consorcios,Bancos e financeiras,https://www.reclameaqui.com.br/empresa/ademicon/
Consorcios,Bancos e financeiras,https://www.reclameaqui.com.br/empresa/consorcio-nacional-tradicao/
Consorcios,Bancos e financeiras,https://www.reclameaqui.com.br/empresa/alpha-administradora-de-consorcio/
Consorcios,Bancos e financeiras,https://www.reclameaqui.com.br/empresa/consorcio-embracon/
Consorcios,Bancos e financeiras,https://www.reclameaqui.com.br/empresa/intercap-consorcio/
Consorcios,Bancos e financeiras,https://www.reclameaqui.com.br/empresa/porto-seguro-administradora-de-consorcios/
Consorcios,Bancos e financeiras,https://www.reclameaqui.com.br/empresa/bomconsorcio/
Consorcios,Bancos e financeiras,https://www.reclameaqui.com.br/empresa/disal-consorcio/
Consorcios,Bancos e financeiras,https://www.reclameaqui.com.br/empresa/remaza-nova-terra/
Consorcios,Bancos e financeiras,https://www.reclameaqui.com.br/empresa/funchal-cobrancas/
Consorcios,Bancos e financeiras,https://www.reclameaqui.com.br/empresa/caixa-consorcio/
Consorcios,Bancos e financeiras,https://www.reclameaqui.com.br/empresa/consorciei/
Consorcios,Bancos e financeiras,https://www.reclameaqui.com.br/empresa/consorcio-renault/
Consorcios,Bancos e financeiras,https://www.reclameaqui.com.br/empresa/rio-pax/
Consorcios,Bancos e financeiras,https://www.reclameaqui.com.br/empresa/consorcio-roma/
Consorcios,Bancos e financeiras,https://www.reclameaqui.com.br/empresa/administradora-de-consorcio-nacional-gazin/
Consorcios,Bancos e financeiras,https://www.reclameaqui.com.br/empresa/evoy-consorcios/
Consorcios,Bancos e financeiras,https://www.reclameaqui.com.br/empresa/consorcio-servopa/
Consorcios,Bancos e financeiras,https://www.reclameaqui.com.br/empresa/multimarcas-consorcios/
Consorcios,Bancos e financeiras,https://www.reclameaqui.com.br/empresa/cooperativa-mista-jockey-club-consorcio/
Consorcios,Bancos e financeiras,https://www.reclameaqui.com.br/empresa/grande-recife-consorcio-de-transportes-urbanos/
Consorcios,Bancos e financeiras,https://www.reclameaqui.com.br/empresa/nacional-consorcios/
Consorcios,Bancos e financeiras,https://www.reclameaqui.com.br/empresa/alpha-bank-administradora-de-consorcio/
Consorcios,Bancos e financeiras,https://www.reclameaqui.com.br/empresa/excelencia-consorcios/
Consorcios,Bancos e financeiras,https://www.reclameaqui.com.br/empresa/revemar-motocenter/
Consorcios,Bancos e financeiras,https://www.reclameaqui.com.br/empresa/palm-consorcios/
Consorcios,Bancos e financeiras,https://www.reclameaqui.com.br/empresa/consorcios-omni/
Consorcios,Bancos e financeiras,https://www.reclameaqui.com.br/empresa/realiza-consorcios/
Consorcios,Bancos e financeiras,https://www.reclameaqui.com.br/empresa/consorcio-salvadorcard/
Consorcios,Bancos e financeiras,https://www.reclameaqui.com.br/empresa/livecon-consorcios/
Consorcios,Bancos e financeiras,https://www.reclameaqui.com.br/empresa/consorcio-euro-bank/
Consorcios,Bancos e financeiras,https://www.reclameaqui.com.br/empresa/funchal/
Consorcios,Bancos e financeiras,https://www.reclameaqui.com.br/empresa/otimiza-consorcios/
Consorcios,Bancos e financeiras,https://www.reclameaqui.com.br/empresa/protech-group/
Consorcios,Bancos e financeiras,https://www.reclameaqui.com.br/empresa/valor-consorcios/
Consorcios,Bancos e financeiras,https://www.reclameaqui.com.br/empresa/consorcio-internorte/
Consorcios,Bancos e financeiras,https://www.reclameaqui.com.br/empresa/consorfacil/
Consorcios,Bancos e financeiras,https://www.reclameaqui.com.br/empresa/assetur-associacao-das-empresas-de-transporte-coletivo-urbano-de-campo/
Consorcios,Bancos e financeiras,https://www.reclameaqui.com.br/empresa/confia-consorcios/
Consorcios,Bancos e financeiras,https://www.reclameaqui.com.br/empresa/administradora-de-consorcio-rci-brasil/
Consorcios,Bancos e financeiras,https://www.reclameaqui.com.br/empresa/realize-consorcios-e-financiamentos/
Consorcios,Bancos e financeiras,https://www.reclameaqui.com.br/empresa/starcon-intermediacoes-de-negocios/
Consorcios,Bancos e financeiras,https://www.reclameaqui.com.br/empresa/tagide-administradora-de-consorcios/
Consorcios,Bancos e financeiras,https://www.reclameaqui.com.br/empresa/consorcio-kawasaki/
Consorcios,Bancos e financeiras,https://www.reclameaqui.com.br/empresa/disbrave-administradora-de-consorcios/
Consorcios,Bancos e financeiras,https://www.reclameaqui.com.br/empresa/consorcio-colombo/
Consorcios,Bancos e financeiras,https://www.reclameaqui.com.br/empresa/ml-gomes-advogados/
Consorcios,Bancos e financeiras,https://www.reclameaqui.com.br/empresa/consorcio-reserva/
Consorcios,Bancos e financeiras,https://www.reclameaqui.com.br/empresa/recon-consorcio-nacional/
